<?xml version="1.0" encoding="UTF-8"?>
<!DOCTYPE fontscolors PUBLIC "-//NetBeans//DTD Editor Fonts and Colors settings 1.1//EN" "http://www.netbeans.org/dtds/EditorFontsColors-1_1.dtd">
<fontscolors>
    <fontcolor foreColor="yellow" name="mark-occurrences"/>
    <fontcolor name="identifier"/>
    <fontcolor foreColor="green" name="number"/>
    <fontcolor bgColor="ff141414" foreColor="white" name="default"/>
    <fontcolor foreColor="green" name="string"/>
    <fontcolor foreColor="green" name="char"/>
    <fontcolor bgColor="ff52503a" name="warning" waveUnderlined="yellow"/>
    <fontcolor foreColor="ff666666" name="comment"/>
    <fontcolor name="error" waveUnderlined="red"/>
    <fontcolor foreColor="ffff9900" name="keyword"/>
</fontscolors>
