<?xml version="1.0" encoding="UTF-8"?>
<!DOCTYPE fontscolors PUBLIC "-//NetBeans//DTD Editor Fonts and Colors settings 1.1//EN" "http://www.netbeans.org/dtds/EditorFontsColors-1_1.dtd">
<fontscolors>
    <fontcolor default="identifier" foreColor="ff8383e0" name="mod-class-declaration"/>
    <fontcolor default="identifier" foreColor="ffffb2b2" name="mod-annotation-type"/>
    <fontcolor default="identifier" foreColor="ff8383e0" name="mod-class"/>
    <fontcolor default="identifier" foreColor="ffffb2b2" name="mod-annotation-type-declaration">
        <font style="bold"/>
    </fontcolor>
    <fontcolor default="identifier" foreColor="ff8383e0" name="mod-constructor-declaration"/>
    <fontcolor default="identifier" foreColor="ff8383e0" name="mod-constructor"/>
</fontscolors>
