<?xml version="1.0" encoding="UTF-8"?>
<!DOCTYPE fontscolors PUBLIC "-//NetBeans//DTD Editor Fonts and Colors settings 1.1//EN" "http://www.netbeans.org/dtds/EditorFontsColors-1_1.dtd">
<fontscolors>
    <fontcolor default="field" foreColor="magenta" name="mod-field"/>
    <fontcolor name="mod-abstract"/>
    <fontcolor name="mod-public"/>
    <fontcolor default="identifier" foreColor="cyan" name="mod-class"/>
    <fontcolor default="method" foreColor="ff8a00ff" name="mod-method"/>
    <fontcolor default="identifier" foreColor="ff009999" name="mod-interface"/>
    <fontcolor name="mod-protected"/>
    <fontcolor default="identifier" foreColor="ff009999" name="mod-interface-declaration">
        <font style="bold"/>
    </fontcolor>
    <fontcolor default="method" foreColor="ff8a00ff" name="mod-method-declaration"/>
    <fontcolor default="identifier" foreColor="cyan" name="mod-constructor-declaration"/>
    <fontcolor default="comment" foreColor="ffcccccc" name="html-tag">
        <font style="italic"/>
    </fontcolor>
    <fontcolor name="mod-private"/>
    <fontcolor default="identifier" foreColor="cyan" name="mod-class-declaration"/>
    <fontcolor default="identifier" foreColor="cyan" name="mod-constructor"/>
    <fontcolor default="field" foreColor="magenta" name="mod-field-declaration"/>
</fontscolors>
