<?xml version="1.0" encoding="UTF-8"?>
<!DOCTYPE fontscolors PUBLIC "-//NetBeans//DTD Editor Fonts and Colors settings 1.1//EN" "http://www.netbeans.org/dtds/EditorFontsColors-1_1.dtd">
<fontscolors>
    <fontcolor default="identifier" name="identifier"/>
    <fontcolor default="field" foreColor="ffaa5bff" name="mod-field"/>
    <fontcolor name="mod-abstract"/>
    <fontcolor default="identifier" foreColor="cyan" name="mod-class"/>
    <fontcolor default="method" foreColor="ff9999ff" name="mod-method"/>
    <fontcolor default="identifier" foreColor="ff99ffff" name="mod-annotation-type-declaration">
        <font style="bold"/>
    </fontcolor>
    <fontcolor default="identifier" foreColor="ff0099cc" name="mod-interface"/>
    <fontcolor default="identifier" foreColor="ff0099cc" name="mod-interface-declaration">
        <font style="bold"/>
    </fontcolor>
    <fontcolor default="method" foreColor="ff9999ff" name="mod-method-declaration"/>
    <fontcolor default="identifier" foreColor="cyan" name="mod-constructor-declaration"/>
    <fontcolor default="comment" foreColor="ffcccccc" name="html-tag">
        <font style="italic"/>
    </fontcolor>
    <fontcolor default="separator" foreColor="gray" name="separator"/>
    <fontcolor default="identifier" foreColor="cyan" name="mod-class-declaration"/>
    <fontcolor default="identifier" foreColor="ff99ffff" name="mod-annotation-type"/>
    <fontcolor default="identifier" foreColor="cyan" name="mod-constructor"/>
    <fontcolor default="field" foreColor="ffaa5bff" name="mod-field-declaration"/>
</fontscolors>
